{
  "accuracy": 0.599966698580527,
  "roc_auc": 0.6337036873459738,
  "average_precision": 0.4773291157542867,
  "precision": 0.4580893118594436,
  "recall": 0.5757994018863584,
  "f1_score": 0.5102436041178269,
  "confusion_matrix": [
    [
      9407,
      5922
    ],
    [
      3688,
      5006
    ]
  ]
}