{
  "accuracy": 0.5047782056767937,
  "log_loss": 1.4361679375719294,
  "precision_weighted": 0.6355850226184169,
  "recall_weighted": 0.5047782056767935,
  "f1_weighted": 0.5455857710524835,
  "class_labels": [
    "1B",
    "2B",
    "3B",
    "HR",
    "OUT",
    "ROE"
  ],
  "per_class": {
    "1B": {
      "precision": 0.3771712158808933,
      "recall": 0.5117845117845118,
      "f1_score": 0.4342857142857143,
      "support": 1485
    },
    "2B": {
      "precision": 0.18580645161290324,
      "recall": 0.3050847457627119,
      "f1_score": 0.2309542902967121,
      "support": 472
    },
    "3B": {
      "precision": 0.0,
      "recall": 0.0,
      "f1_score": 0.0,
      "support": 34
    },
    "HR": {
      "precision": 0.2957074721780604,
      "recall": 0.5942492012779552,
      "f1_score": 0.39490445859872614,
      "support": 313
    },
    "OUT": {
      "precision": 0.8,
      "recall": 0.5255222916217962,
      "f1_score": 0.6343429091381776,
      "support": 4643
    },
    "ROE": {
      "precision": 0.020785219399538105,
      "recall": 0.140625,
      "f1_score": 0.03621730382293763,
      "support": 64
    }
  },
  "confusion_matrix": [
    [
      760,
      167,
      19,
      53,
      419,
      67
    ],
    [
      133,
      144,
      7,
      67,
      101,
      20
    ],
    [
      8,
      9,
      0,
      6,
      9,
      2
    ],
    [
      45,
      20,
      3,
      186,
      51,
      8
    ],
    [
      1054,
      431,
      79,
      312,
      2440,
      327
    ],
    [
      15,
      4,
      1,
      5,
      30,
      9
    ]
  ]
}