{
  "train": {
    "accuracy": 0.5993506020460199,
    "roc_auc": 0.633701389433451,
    "precision": 0.4576367565108609,
    "recall": 0.5786098409685676,
    "f1_score": 0.5110620030988849
  },
  "test": {
    "accuracy": 0.599966698580527,
    "roc_auc": 0.6337036873459738,
    "precision": 0.4580893118594436,
    "recall": 0.5757994018863584,
    "f1_score": 0.5102436041178269,
    "confusion_matrix": [
      [
        9407,
        5922
      ],
      [
        3688,
        5006
      ]
    ]
  }
}