{
  "train": {
    "accuracy": 0.33833826306378567,
    "log_loss": 1.5921003160272649,
    "precision_weighted": 0.6513204245371799,
    "recall_weighted": 0.33833826306378567,
    "f1_weighted": 0.37156971237750713
  },
  "test": {
    "accuracy": 0.25363457103706427,
    "log_loss": 1.6258431924050252,
    "precision_weighted": 0.5536887542466342,
    "recall_weighted": 0.25363457103706427,
    "f1_weighted": 0.3006000396543625,
    "confusion_matrix": [
      [
        1893,
        1211,
        468,
        1156,
        1061,
        550
      ],
      [
        368,
        683,
        123,
        391,
        299,
        169
      ],
      [
        13,
        12,
        70,
        26,
        13,
        11
      ],
      [
        228,
        255,
        97,
        544,
        164,
        104
      ],
      [
        4369,
        4098,
        1389,
        3787,
        4287,
        1817
      ],
      [
        36,
        36,
        19,
        34,
        28,
        112
      ]
    ],
    "class_labels": [
      "1B",
      "2B",
      "3B",
      "HR",
      "OUT",
      "ROE"
    ],
    "per_class": {
      "1B": {
        "precision": 0.2740697842768206,
        "recall": 0.29862754377662093,
        "f1_score": 0.28582213498414616,
        "support": 6339
      },
      "2B": {
        "precision": 0.1084988085782367,
        "recall": 0.33595671421544515,
        "f1_score": 0.16402497598463017,
        "support": 2033
      },
      "3B": {
        "precision": 0.032317636195752536,
        "recall": 0.4827586206896552,
        "f1_score": 0.06057983556901774,
        "support": 145
      },
      "HR": {
        "precision": 0.09161333782418322,
        "recall": 0.39080459770114945,
        "f1_score": 0.14843110504774898,
        "support": 1392
      },
      "OUT": {
        "precision": 0.73257006151743,
        "recall": 0.21709626778751204,
        "f1_score": 0.33493495839681237,
        "support": 19747
      },
      "ROE": {
        "precision": 0.040535649656170826,
        "recall": 0.4226415094339623,
        "f1_score": 0.07397622192866579,
        "support": 265
      }
    }
  }
}